{"name":"mat_02","data":{"shader":"phong","ambient":[0.729412,0.952941,0.909804],"diffuse":[0.729412,0.952941,0.909804],"specular":[0,0,0],"shininess":9.09091,"emissive":[0,0,0],"opacity":1}}