{"name":"mat_01","data":{"shader":"phong","ambient":[0.956863,0.317647,0.0666667],"diffuse":[0.956863,0.317647,0.0666667],"specular":[0,0,0],"shininess":9.09091,"emissive":[0,0,0],"opacity":1}}