{"name":"grey.002","data":{"shader":"phong","ambient":[0,0,0],"diffuse":[0.0394131,0.0394131,0.0394131],"specular":[0.00985327,0.00985327,0.00985327],"shininess":42.2169,"glossMap":3,"glossMapOffset":[0,0],"glossMapTiling":[1,1],"emissive":[0,0,0],"opacity":1}}